state,age,sex,diabetes,notes
06,65,2,0,pasient 01019010046 oppfølging
12,77,1,0,tlf 91123456; fnr 15038510190
12,74,2,0,rutinekontroll
36,28,2,0,rutinekontroll
36,81,2,0,rutinekontroll
17,59,2,0,rutinekontroll
06,42,2,0,rutinekontroll
12,57,2,0,rutinekontroll
48,92,1,0,rutinekontroll
06,84,2,1,rutinekontroll
36,82,2,0,rutinekontroll
17,53,2,1,rutinekontroll
12,78,1,1,rutinekontroll
12,47,2,0,rutinekontroll
12,70,1,1,rutinekontroll
12,67,1,0,rutinekontroll
36,37,2,0,rutinekontroll
06,38,2,0,rutinekontroll
17,22,2,0,rutinekontroll
36,28,1,0,rutinekontroll
36,51,2,0,rutinekontroll
48,54,2,1,rutinekontroll
06,30,2,0,rutinekontroll
17,50,2,1,rutinekontroll
12,64,1,1,rutinekontroll
12,35,2,1,rutinekontroll
36,44,1,0,rutinekontroll
17,46,2,1,rutinekontroll
36,56,1,1,rutinekontroll
36,46,1,1,rutinekontroll
36,74,2,0,rutinekontroll
48,43,2,1,rutinekontroll
06,51,2,1,rutinekontroll
36,47,2,0,rutinekontroll
17,32,2,0,rutinekontroll
06,70,1,0,rutinekontroll
17,36,1,1,rutinekontroll
17,40,1,0,rutinekontroll
48,79,1,0,rutinekontroll
12,91,1,1,rutinekontroll
06,69,2,0,rutinekontroll
12,88,2,0,rutinekontroll
12,83,2,1,rutinekontroll
48,55,1,1,rutinekontroll
06,77,2,1,rutinekontroll
17,43,2,1,rutinekontroll
36,53,2,0,rutinekontroll
17,59,1,1,rutinekontroll
12,91,1,1,rutinekontroll
12,83,2,0,rutinekontroll
12,55,1,0,rutinekontroll
06,68,1,0,rutinekontroll
48,33,1,0,rutinekontroll
36,79,2,0,rutinekontroll
36,60,2,0,rutinekontroll
06,59,1,1,rutinekontroll
36,77,1,0,rutinekontroll
06,66,2,1,rutinekontroll
12,23,2,1,rutinekontroll
12,40,2,1,rutinekontroll
17,31,1,1,rutinekontroll
12,74,2,0,rutinekontroll
48,20,1,1,rutinekontroll
17,33,2,0,rutinekontroll
36,64,1,1,rutinekontroll
48,71,1,0,rutinekontroll
17,56,1,0,rutinekontroll
48,84,1,1,rutinekontroll
06,88,2,0,rutinekontroll
36,28,1,1,rutinekontroll
12,91,1,0,rutinekontroll
06,65,1,0,rutinekontroll
36,66,2,1,rutinekontroll
06,25,2,1,rutinekontroll
12,65,2,0,rutinekontroll
36,73,2,0,rutinekontroll
48,62,2,0,rutinekontroll
48,24,2,1,rutinekontroll
36,58,1,1,rutinekontroll
12,90,2,0,rutinekontroll
17,73,2,0,rutinekontroll
36,28,2,0,rutinekontroll
06,91,1,0,rutinekontroll
17,91,2,1,rutinekontroll
12,31,1,1,rutinekontroll
12,79,1,0,rutinekontroll
06,49,2,1,rutinekontroll
48,63,1,0,rutinekontroll
12,52,1,0,rutinekontroll
17,78,2,0,rutinekontroll
36,94,1,0,rutinekontroll
17,79,2,0,rutinekontroll
17,89,1,1,rutinekontroll
48,90,1,1,rutinekontroll
17,24,2,0,rutinekontroll
48,37,2,1,rutinekontroll
48,73,1,1,rutinekontroll
12,63,2,1,rutinekontroll
12,21,2,1,rutinekontroll
06,25,1,0,rutinekontroll
17,58,2,1,rutinekontroll
06,65,1,1,rutinekontroll
17,30,2,1,rutinekontroll
06,31,2,0,rutinekontroll
12,27,2,0,rutinekontroll
12,61,2,0,rutinekontroll
12,18,1,0,rutinekontroll
12,62,1,0,rutinekontroll
36,54,1,0,rutinekontroll
12,53,2,1,rutinekontroll
48,70,2,0,rutinekontroll
12,58,1,1,rutinekontroll
36,74,2,0,rutinekontroll
36,76,2,1,rutinekontroll
36,88,2,0,rutinekontroll
36,79,1,1,rutinekontroll
06,57,2,0,rutinekontroll
06,55,2,0,rutinekontroll
48,36,1,0,rutinekontroll
06,64,1,1,rutinekontroll
36,28,1,0,rutinekontroll
12,89,1,1,rutinekontroll
12,83,2,1,rutinekontroll
36,27,2,0,rutinekontroll
17,78,2,0,rutinekontroll
36,27,1,0,rutinekontroll
06,73,2,0,rutinekontroll
12,24,1,0,rutinekontroll
36,55,2,0,rutinekontroll
12,68,1,1,rutinekontroll
36,74,1,0,rutinekontroll
36,50,2,0,rutinekontroll
06,88,1,1,rutinekontroll
36,77,2,1,rutinekontroll
12,34,2,0,rutinekontroll
48,69,2,0,rutinekontroll
12,74,2,0,rutinekontroll
06,43,1,1,rutinekontroll
48,74,2,1,rutinekontroll
36,87,1,0,rutinekontroll
17,80,2,0,rutinekontroll
48,76,1,0,rutinekontroll
48,66,1,1,rutinekontroll
36,38,2,0,rutinekontroll
17,79,1,0,rutinekontroll
17,46,2,0,rutinekontroll
06,58,2,0,rutinekontroll
48,42,2,1,rutinekontroll
17,42,2,0,rutinekontroll
06,30,2,0,rutinekontroll
17,92,1,1,rutinekontroll
48,29,1,1,rutinekontroll
17,24,1,0,rutinekontroll
48,90,2,0,rutinekontroll
36,60,1,1,rutinekontroll
12,51,1,0,rutinekontroll
06,74,1,1,rutinekontroll
36,47,1,1,rutinekontroll
36,27,1,1,rutinekontroll
12,74,1,0,rutinekontroll
17,31,1,1,rutinekontroll
12,60,1,1,rutinekontroll
36,91,1,0,rutinekontroll
36,90,1,1,rutinekontroll
36,45,2,1,rutinekontroll
17,78,1,1,rutinekontroll
48,65,1,0,rutinekontroll
06,54,1,0,rutinekontroll
48,28,2,1,rutinekontroll
06,46,2,0,rutinekontroll
06,68,2,1,rutinekontroll
06,93,1,1,rutinekontroll
12,18,1,1,rutinekontroll
12,73,1,0,rutinekontroll
12,83,2,1,rutinekontroll
36,91,2,0,rutinekontroll
12,50,2,1,rutinekontroll
06,27,2,0,rutinekontroll
17,38,2,0,rutinekontroll
36,83,2,1,rutinekontroll
17,85,2,1,rutinekontroll
06,67,1,1,rutinekontroll
36,27,1,0,rutinekontroll
12,27,2,1,rutinekontroll
36,54,1,1,rutinekontroll
36,63,1,1,rutinekontroll
06,20,2,1,rutinekontroll
48,70,1,0,rutinekontroll
48,59,2,0,rutinekontroll
48,18,2,1,rutinekontroll
12,25,1,1,rutinekontroll
12,52,2,0,rutinekontroll
12,73,2,0,rutinekontroll
48,81,2,1,rutinekontroll
17,51,1,1,rutinekontroll
06,40,2,0,rutinekontroll
48,92,2,1,rutinekontroll
06,53,2,1,rutinekontroll
48,42,1,0,rutinekontroll
17,52,1,0,rutinekontroll
48,18,2,1,rutinekontroll
17,41,1,0,rutinekontroll
36,57,1,0,rutinekontroll
12,88,1,0,rutinekontroll
36,74,1,1,rutinekontroll
48,78,1,0,rutinekontroll
12,59,1,0,rutinekontroll
17,26,2,0,rutinekontroll
48,48,1,1,rutinekontroll
12,94,1,1,rutinekontroll
48,21,1,0,rutinekontroll
12,85,2,0,rutinekontroll
12,70,1,0,rutinekontroll
36,39,2,1,rutinekontroll
12,77,2,1,rutinekontroll
48,82,2,0,rutinekontroll
06,21,2,0,rutinekontroll
06,26,1,1,rutinekontroll
36,69,2,1,rutinekontroll
17,94,1,0,rutinekontroll
06,19,2,0,rutinekontroll
36,69,2,1,rutinekontroll
12,28,2,1,rutinekontroll
48,68,2,1,rutinekontroll
12,65,1,0,rutinekontroll
48,24,2,0,rutinekontroll
17,70,2,1,rutinekontroll
36,87,2,1,rutinekontroll
36,84,1,1,rutinekontroll
06,20,2,0,rutinekontroll
36,36,1,1,rutinekontroll
17,36,1,0,rutinekontroll
06,52,1,0,rutinekontroll
12,29,2,1,rutinekontroll
36,83,1,1,rutinekontroll
12,77,1,1,rutinekontroll
12,80,1,1,rutinekontroll
36,33,2,0,rutinekontroll
48,19,1,1,rutinekontroll
12,88,2,0,rutinekontroll
06,40,2,0,rutinekontroll
36,68,2,1,rutinekontroll
06,88,2,1,rutinekontroll
12,20,1,1,rutinekontroll
12,18,1,0,rutinekontroll
06,18,1,1,rutinekontroll
12,30,2,0,rutinekontroll
36,21,2,1,rutinekontroll
12,81,2,1,rutinekontroll
06,64,1,1,rutinekontroll
06,93,1,0,rutinekontroll
36,79,1,0,rutinekontroll
06,92,1,0,rutinekontroll
48,36,1,1,rutinekontroll
12,40,2,1,rutinekontroll
06,83,1,0,rutinekontroll
12,36,2,1,rutinekontroll
06,22,1,1,rutinekontroll
06,69,1,0,rutinekontroll
36,79,2,0,rutinekontroll
12,92,2,1,rutinekontroll
06,89,1,1,rutinekontroll
48,27,1,0,rutinekontroll
17,77,1,1,rutinekontroll
17,83,2,1,rutinekontroll
36,71,1,1,rutinekontroll
36,81,2,1,rutinekontroll
48,82,1,1,rutinekontroll
12,52,2,0,rutinekontroll
36,21,1,0,rutinekontroll
48,53,2,0,rutinekontroll
06,33,2,1,rutinekontroll
06,26,1,0,rutinekontroll
17,27,1,0,rutinekontroll
36,71,2,1,rutinekontroll
36,56,1,0,rutinekontroll
36,59,1,0,rutinekontroll
12,75,1,0,rutinekontroll
06,60,1,0,rutinekontroll
06,66,1,0,rutinekontroll
48,24,1,1,rutinekontroll
36,83,1,0,rutinekontroll
12,52,1,0,rutinekontroll
36,29,1,1,rutinekontroll
36,80,1,0,rutinekontroll
17,74,2,1,rutinekontroll
06,22,1,1,rutinekontroll
36,32,1,1,rutinekontroll
36,19,1,0,rutinekontroll
36,38,2,0,rutinekontroll
17,25,1,1,rutinekontroll
48,72,1,0,rutinekontroll
17,58,1,1,rutinekontroll
48,93,1,0,rutinekontroll
36,75,1,0,rutinekontroll
36,65,1,1,rutinekontroll
17,57,2,1,rutinekontroll
36,22,2,1,rutinekontroll
48,23,1,1,rutinekontroll
06,65,2,0,rutinekontroll
48,18,2,1,rutinekontroll
17,21,1,1,rutinekontroll
06,34,1,0,rutinekontroll
17,86,1,0,rutinekontroll
36,53,2,1,rutinekontroll
06,72,1,0,rutinekontroll
48,49,2,1,rutinekontroll
36,31,1,0,rutinekontroll
48,46,2,0,rutinekontroll
06,25,2,0,rutinekontroll
12,77,1,0,rutinekontroll
12,32,1,1,rutinekontroll
06,46,2,1,rutinekontroll
48,93,1,1,rutinekontroll
48,63,1,1,rutinekontroll
12,53,2,0,rutinekontroll
12,59,1,1,rutinekontroll
12,78,1,1,rutinekontroll
17,37,1,1,rutinekontroll
12,67,1,1,rutinekontroll
48,85,2,1,rutinekontroll
06,62,2,1,rutinekontroll
12,52,1,1,rutinekontroll
17,29,1,1,rutinekontroll
17,37,2,1,rutinekontroll
48,90,1,0,rutinekontroll
48,59,1,0,rutinekontroll
06,41,1,1,rutinekontroll
06,50,1,0,rutinekontroll
36,62,2,0,rutinekontroll
36,59,1,1,rutinekontroll
48,71,1,1,rutinekontroll
48,37,2,1,rutinekontroll
17,67,1,0,rutinekontroll
36,52,2,0,rutinekontroll
17,90,1,1,rutinekontroll
17,30,1,1,rutinekontroll
48,29,1,0,rutinekontroll
48,53,2,1,rutinekontroll
17,57,2,0,rutinekontroll
12,71,1,1,rutinekontroll
48,49,1,1,rutinekontroll
12,88,1,1,rutinekontroll
36,54,2,1,rutinekontroll
17,27,1,0,rutinekontroll
48,27,2,0,rutinekontroll
17,92,2,0,rutinekontroll
17,28,2,1,rutinekontroll
06,90,1,1,rutinekontroll
06,39,1,1,rutinekontroll
36,25,1,0,rutinekontroll
06,41,2,0,rutinekontroll
48,65,2,1,rutinekontroll
36,50,2,1,rutinekontroll
17,78,1,1,rutinekontroll
17,65,1,0,rutinekontroll
06,48,2,0,rutinekontroll
17,66,2,1,rutinekontroll
06,92,2,1,rutinekontroll
12,49,2,0,rutinekontroll
17,29,1,1,rutinekontroll
17,49,1,0,rutinekontroll
48,82,1,0,rutinekontroll
17,34,2,1,rutinekontroll
06,91,2,1,rutinekontroll
36,63,1,1,rutinekontroll
36,64,2,0,rutinekontroll
48,42,2,1,rutinekontroll
06,88,2,1,rutinekontroll
12,20,2,1,rutinekontroll
48,40,1,0,rutinekontroll
12,50,1,1,rutinekontroll
36,54,2,1,rutinekontroll
48,54,2,1,rutinekontroll
17,29,1,0,rutinekontroll
06,35,1,1,rutinekontroll
12,25,2,0,rutinekontroll
12,62,2,0,rutinekontroll
48,45,1,1,rutinekontroll
48,61,2,0,rutinekontroll
06,63,1,1,rutinekontroll
17,72,1,0,rutinekontroll
17,60,2,1,rutinekontroll
48,67,1,1,rutinekontroll
06,63,2,1,rutinekontroll
06,68,1,0,rutinekontroll
06,65,2,0,rutinekontroll
17,42,1,0,rutinekontroll
17,36,2,0,rutinekontroll
06,78,1,1,rutinekontroll
12,44,2,0,rutinekontroll
06,60,1,0,rutinekontroll
48,33,1,0,rutinekontroll
36,51,1,0,rutinekontroll
12,58,2,1,rutinekontroll
17,66,1,1,rutinekontroll
06,58,2,0,rutinekontroll
06,45,2,1,rutinekontroll
48,92,2,1,rutinekontroll
48,57,2,0,rutinekontroll
17,80,1,0,rutinekontroll
12,74,2,0,rutinekontroll
48,60,2,0,rutinekontroll
17,86,1,0,rutinekontroll
36,27,1,0,rutinekontroll
36,88,2,1,rutinekontroll
36,83,1,0,rutinekontroll
06,56,2,1,rutinekontroll
17,74,1,0,rutinekontroll
06,58,1,0,rutinekontroll
06,38,2,1,rutinekontroll
48,79,1,1,rutinekontroll
48,36,2,1,rutinekontroll
06,42,2,0,rutinekontroll
06,57,1,0,rutinekontroll
12,82,1,0,rutinekontroll
17,47,2,0,rutinekontroll
06,56,2,1,rutinekontroll
48,21,1,0,rutinekontroll
36,26,2,0,rutinekontroll
17,22,1,1,rutinekontroll
12,23,1,0,rutinekontroll
12,84,2,0,rutinekontroll
36,82,1,0,rutinekontroll
36,81,2,0,rutinekontroll
06,22,2,1,rutinekontroll
17,23,2,1,rutinekontroll
17,39,2,1,rutinekontroll
06,61,1,0,rutinekontroll
12,43,1,1,rutinekontroll
06,55,2,1,rutinekontroll
12,31,2,0,rutinekontroll
17,74,1,1,rutinekontroll
06,42,2,0,rutinekontroll
36,23,1,1,rutinekontroll
06,75,2,1,rutinekontroll
36,87,1,0,rutinekontroll
17,19,2,0,rutinekontroll
06,51,1,0,rutinekontroll
48,81,1,1,rutinekontroll
17,72,2,0,rutinekontroll
48,83,1,1,rutinekontroll
06,49,1,0,rutinekontroll
36,46,2,0,rutinekontroll
36,72,1,1,rutinekontroll
12,29,1,1,rutinekontroll
48,36,1,1,rutinekontroll
17,64,2,0,rutinekontroll
36,69,2,0,rutinekontroll
48,27,2,0,rutinekontroll
17,57,1,1,rutinekontroll
17,46,1,1,rutinekontroll
36,56,1,0,rutinekontroll
06,91,2,1,rutinekontroll
36,23,1,0,rutinekontroll
36,94,1,1,rutinekontroll
06,52,2,1,rutinekontroll
12,77,2,1,rutinekontroll
17,50,2,0,rutinekontroll
06,41,1,1,rutinekontroll
12,77,2,0,rutinekontroll
06,70,2,1,rutinekontroll
12,29,1,0,rutinekontroll
36,72,2,1,rutinekontroll
06,75,2,0,rutinekontroll
17,47,1,0,rutinekontroll
06,89,2,1,rutinekontroll
36,67,2,1,rutinekontroll
06,43,2,0,rutinekontroll
17,18,2,1,rutinekontroll
12,69,2,0,rutinekontroll
17,34,2,0,rutinekontroll
36,76,1,0,rutinekontroll
36,58,2,0,rutinekontroll
12,53,2,0,rutinekontroll
12,30,2,0,rutinekontroll
17,72,1,0,rutinekontroll
06,30,1,0,rutinekontroll
12,50,2,0,rutinekontroll
06,82,2,1,rutinekontroll
48,88,2,1,rutinekontroll
17,94,1,0,rutinekontroll
48,91,1,0,rutinekontroll
12,60,2,1,rutinekontroll
36,33,1,1,rutinekontroll
48,82,2,1,rutinekontroll
48,79,1,1,rutinekontroll
36,94,1,1,rutinekontroll
12,68,2,1,rutinekontroll
12,28,1,0,rutinekontroll
17,56,2,0,rutinekontroll
17,52,2,0,rutinekontroll
12,82,2,0,rutinekontroll
12,48,1,1,rutinekontroll
48,43,1,1,rutinekontroll
36,24,2,1,rutinekontroll
06,82,1,0,rutinekontroll
48,76,1,0,rutinekontroll
17,21,1,0,rutinekontroll
36,51,2,1,rutinekontroll
06,54,1,0,rutinekontroll
12,54,1,0,rutinekontroll
17,88,2,1,rutinekontroll
17,29,1,1,rutinekontroll
48,41,2,1,rutinekontroll
36,31,2,0,rutinekontroll
36,36,2,0,rutinekontroll
48,87,2,0,rutinekontroll
48,90,1,0,rutinekontroll
48,21,1,1,rutinekontroll
17,66,1,0,rutinekontroll
12,35,1,0,rutinekontroll
17,32,2,1,rutinekontroll
17,40,2,0,rutinekontroll
17,32,2,0,rutinekontroll
06,55,2,0,rutinekontroll
17,94,2,0,rutinekontroll
06,63,1,0,rutinekontroll
36,73,1,1,rutinekontroll
36,55,2,1,rutinekontroll
48,19,1,0,rutinekontroll
06,24,2,0,rutinekontroll
06,38,2,0,rutinekontroll
17,36,2,1,rutinekontroll
48,82,2,1,rutinekontroll
48,82,2,1,rutinekontroll
17,83,2,0,rutinekontroll
06,67,2,0,rutinekontroll
17,60,1,0,rutinekontroll
17,67,1,0,rutinekontroll
36,49,2,0,rutinekontroll
06,69,2,1,rutinekontroll
06,79,2,0,rutinekontroll
48,76,2,1,rutinekontroll
36,65,2,1,rutinekontroll
06,22,2,1,rutinekontroll
36,73,2,0,rutinekontroll
06,46,1,1,rutinekontroll
36,75,1,0,rutinekontroll
06,59,1,0,rutinekontroll
12,85,1,0,rutinekontroll
06,44,2,0,rutinekontroll
06,89,1,1,rutinekontroll
06,83,1,1,rutinekontroll
17,43,1,1,rutinekontroll
06,55,2,0,rutinekontroll
36,58,2,0,rutinekontroll
36,77,1,1,rutinekontroll
36,71,2,0,rutinekontroll
12,83,2,1,rutinekontroll
17,46,2,1,rutinekontroll
48,56,2,1,rutinekontroll
17,51,2,1,rutinekontroll
48,88,1,0,rutinekontroll
17,41,2,0,rutinekontroll
36,63,1,0,rutinekontroll
12,27,1,0,rutinekontroll
17,83,2,0,rutinekontroll
12,47,2,1,rutinekontroll
17,44,2,0,rutinekontroll
36,62,1,1,rutinekontroll
06,56,1,1,rutinekontroll
36,83,1,1,rutinekontroll
06,58,2,0,rutinekontroll
17,57,2,1,rutinekontroll
48,26,2,0,rutinekontroll
48,19,2,0,rutinekontroll
48,48,1,0,rutinekontroll
12,94,1,0,rutinekontroll
36,88,1,0,rutinekontroll
17,66,1,0,rutinekontroll
36,66,1,1,rutinekontroll
48,48,1,0,rutinekontroll
06,31,1,0,rutinekontroll
06,18,2,1,rutinekontroll
48,44,1,1,rutinekontroll
17,42,1,1,rutinekontroll
36,32,1,0,rutinekontroll
17,37,1,1,rutinekontroll
06,19,2,1,rutinekontroll
06,64,1,0,rutinekontroll
17,89,1,0,rutinekontroll
06,71,1,1,rutinekontroll
06,52,2,0,rutinekontroll
36,50,2,0,rutinekontroll
17,41,1,1,rutinekontroll
12,28,1,1,rutinekontroll
06,64,1,1,rutinekontroll
17,61,1,1,rutinekontroll
17,18,2,1,rutinekontroll
17,49,2,0,rutinekontroll
17,39,2,0,rutinekontroll
48,31,1,1,rutinekontroll
17,72,1,0,rutinekontroll
48,58,1,0,rutinekontroll
17,66,1,1,rutinekontroll
36,72,2,1,rutinekontroll
12,93,1,0,rutinekontroll
12,79,1,0,rutinekontroll
12,65,2,1,rutinekontroll
